Subject Abbreviation,Course,Mean Grade
AAS,100,3.4480000000000004
AAS,120,3.43
AAS,200,3.47
ABE,100,3.57
ABE,224,3.71
ABE,232,3.76
ABE,430,3.63
ABE,436,3.35
ABE,488,3.0
ABE,501,3.91
ACCY,200,3.39
ACCY,201,2.8833333333333333
ACCY,202,3.49
ACCY,301,3.2325
ACCY,302,3.3840000000000003
ACCY,303,3.3266666666666667
ACCY,304,3.364
ACCY,312,3.368
ACCY,398,3.8
ACCY,405,3.3000000000000003
ACCY,410,3.374
ACCY,451,3.2840000000000003
ACCY,500,3.483333333333333
ACCY,501,3.5149999999999997
ACCY,502,3.668
ACCY,503,3.5300000000000002
ACCY,504,3.7039999999999997
ACCY,505,3.5042857142857144
ACCY,506,3.37
ACCY,510,3.6366666666666667
ACCY,515,3.4333333333333336
ACCY,517,3.825
ACCY,551,3.47
ACCY,556,3.635
ACCY,569,3.33
ACCY,570,3.7925
ACCY,578,3.9000000000000004
ACCY,593,3.79
ACE,100,3.3166666666666664
ACE,161,3.3049999999999997
ACE,199,3.6766666666666663
ACE,203,3.57
ACE,210,3.29
ACE,222,3.45
ACE,240,3.313333333333333
ACE,251,3.4
ACE,261,3.19
ACE,262,2.98
ACE,264,2.97
ACE,300,2.52
ACE,310,2.79
ACE,341,3.5925000000000002
ACE,345,3.49
ACE,346,3.38
ACE,398,2.79
ACE,406,2.87
ACE,411,3.31
ACE,427,2.83
ACE,428,2.74
ACE,435,3.77
ACE,444,3.09
ACE,445,3.09
ACE,455,3.12
ACE,474,2.37
ACE,476,2.68
ACES,101,3.6616666666666666
ACES,179,2.895
ADV,150,3.74
ADV,270,3.19
ADV,281,2.765
ADV,283,3.7525
ADV,284,3.3375000000000004
ADV,290,3.34
ADV,305,3.72
ADV,310,3.34
ADV,311,2.64
ADV,320,3.22
ADV,370,3.12
ADV,390,3.16
ADV,393,3.15
ADV,409,3.83
ADV,460,3.5125
ADV,483,3.3699999999999997
ADV,498,3.8433333333333333
AE,100,3.76
AE,140,3.505
AE,199,3.87
AE,202,3.05
AE,311,3.13
AE,321,2.72
AE,323,2.76
AE,352,3.84
AE,353,3.0
AE,402,3.61
AE,416,3.22
AE,433,3.58
AE,442,2.95
AE,460,3.44
AE,483,3.81
AE,498,3.5149999999999997
AE,598,3.7
AFRO,100,3.42
AFRO,101,2.525
AFRO,132,3.02
AFRO,226,3.61
AFRO,243,3.55
AFRO,383,3.47
AFRO,411,3.58
AGCM,220,3.57
AHS,125,3.77
AHS,199,3.68
AHS,494,3.22
AIS,101,3.805
AIS,265,3.0
ALEC,110,3.88
ALEC,451,3.84
ANSC,100,3.31
ANSC,103,3.87
ANSC,110,3.78
ANSC,205,3.6
ANSC,206,3.77
ANSC,207,3.3016666666666663
ANSC,210,3.68
ANSC,221,3.04
ANSC,222,1.85
ANSC,250,3.545
ANSC,251,2.95
ANSC,255,3.76
ANSC,256,2.2
ANSC,298,3.46
ANSC,305,3.64
ANSC,307,2.82
ANSC,309,3.84
ANSC,350,2.94
ANSC,398,3.86
ANSC,401,3.73
ANSC,422,3.395
ANSC,424,3.585
ANSC,431,3.57
ANSC,445,3.82
ANSC,452,3.17
ANSC,498,3.67
ANTH,101,3.17
ANTH,102,3.17
ANTH,103,3.715
ANTH,105,3.39
ANTH,106,3.29
ANTH,143,3.31
ANTH,160,3.17
ANTH,180,3.84
ANTH,220,3.65
ANTH,241,3.56
ANTH,246,3.6550000000000002
ANTH,262,3.86
ANTH,278,3.79
ANTH,347,3.28
ANTH,407,3.77
ANTH,498,3.18
ARAB,150,3.38
ARCH,171,3.1
ARCH,210,2.95
ARCH,231,3.2
ARCH,273,3.15
ARCH,321,3.51
ARCH,412,3.11
ARCH,417,2.89
ARCH,433,2.69
ARCH,434,3.37
ARCH,536,3.41
ARCH,577,3.4
ARTD,251,3.215
ARTD,270,3.55
ARTD,328,3.61
ARTD,426,3.84
ARTD,451,3.68
ARTF,101,3.37
ARTH,241,3.01
ARTH,250,2.83
ARTH,260,2.83
ARTJ,209,3.18
ARTJ,299,3.83
ARTJ,301,3.72
ARTS,220,3.94
ASRM,101,3.64
ASRM,210,3.42
ASRM,406,3.48
ASRM,410,3.48
ASRM,461,2.87
ASRM,469,3.75
ASRM,471,3.63
ASTR,100,2.9299999999999997
ASTR,121,3.4
ASTR,122,3.24
ASTR,150,3.36
ASTR,210,3.03
ASTR,350,3.66
ASTR,404,3.3
ASTR,406,2.98
ATMS,100,3.16
ATMS,120,3.27
ATMS,140,3.01
ATMS,305,3.91
BADM,210,3.79
BADM,211,3.44625
BADM,261,3.95
BADM,275,3.8814285714285717
BADM,300,3.7125
BADM,310,3.7199999999999998
BADM,313,3.95
BADM,314,3.56
BADM,320,3.8200000000000003
BADM,321,3.73
BADM,322,3.96
BADM,323,3.685
BADM,324,3.78
BADM,325,3.855
BADM,326,3.24
BADM,329,3.87
BADM,335,3.21
BADM,336,3.83
BADM,340,3.5300000000000002
BADM,350,3.77
BADM,351,3.8
BADM,352,3.96
BADM,353,3.77
BADM,356,3.93
BADM,365,3.76
BADM,367,3.98
BADM,374,3.54
BADM,375,3.365
BADM,378,3.9400000000000004
BADM,380,3.73
BADM,381,3.915
BADM,446,3.72
BADM,449,3.6729999999999996
BADM,453,3.98
BADM,458,3.47
BADM,460,3.93
BADM,502,3.9
BADM,508,3.658333333333333
BADM,509,3.58
BADM,513,3.93
BADM,514,3.8
BADM,520,3.6633333333333336
BADM,540,3.95
BADM,550,3.71
BADM,554,3.5
BADM,557,3.95
BADM,562,3.83
BADM,566,3.8600000000000003
BADM,567,3.6399999999999997
BADM,572,3.325
BADM,582,3.94
BADM,589,3.59
BADM,590,3.39
BCOG,100,3.3766666666666665
BCS,115,3.41
BDI,513,3.93
BIOC,460,3.43
BIOE,100,3.93
BIOE,120,3.97
BIOE,201,3.4
BIOE,202,3.25
BIOE,206,3.33
BIOE,302,3.44
BIOE,414,3.34
BIOE,415,3.72
BIOE,435,3.83
BIOE,436,3.79
BIOE,476,3.7
BIOE,498,3.78
BIOE,502,3.97
BIOE,504,3.83
BIOE,505,3.81
BIOP,401,3.76
BTW,250,3.604285714285714
BUS,101,3.8136
BUS,199,3.87
BUS,201,3.857142857142857
BUS,301,3.8814285714285717
CEE,190,3.37
CEE,201,3.4699999999999998
CEE,202,3.58
CEE,300,2.66
CEE,310,3.28
CEE,320,3.3
CEE,330,3.365
CEE,340,3.52
CEE,350,3.33
CEE,360,3.53
CEE,380,2.81
CEE,401,3.62
CEE,406,3.07
CEE,412,3.73
CEE,421,3.5300000000000002
CEE,422,3.47
CEE,434,3.43
CEE,437,3.48
CEE,442,3.62
CEE,460,3.69
CEE,463,3.27
CEE,470,2.51
CEE,471,3.38
CEE,472,3.46
CEE,491,3.04
CEE,493,3.92
CEE,498,3.723333333333333
CEE,508,3.46
CEE,525,3.71
CEE,590,3.57
CHBE,101,3.21
CHBE,221,2.835
CHBE,321,3.34
CHBE,421,2.75
CHBE,422,3.05
CHBE,424,2.74
CHBE,430,3.49
CHBE,431,2.87
CHBE,440,2.97
CHBE,478,2.65
CHBE,494,3.4800000000000004
CHBE,521,3.61
CHBE,525,3.5
CHBE,551,3.51
CHEM,101,2.6666666666666665
CHEM,102,2.6300000000000003
CHEM,103,3.66
CHEM,104,2.6266666666666665
CHEM,105,3.52
CHEM,199,3.8200000000000003
CHEM,202,2.72
CHEM,203,3.1399999999999997
CHEM,222,3.54
CHEM,223,2.74
CHEM,232,2.7266666666666666
CHEM,233,3.665
CHEM,236,2.66
CHEM,237,3.14
CHEM,312,2.77
CHEM,315,2.98
CHEM,332,2.6
CHEM,420,3.79
CHEM,440,1.97
CHEM,442,3.49
CHEM,512,3.44
CHEM,532,3.47
CHEM,534,3.32
CHEM,570,3.48
CHEM,584,3.52
CHIN,440,3.56
CHLH,100,3.18
CHLH,101,3.37
CHLH,125,3.59
CHLH,200,3.31
CHLH,201,3.42
CHLH,206,3.44
CHLH,210,3.25
CHLH,243,3.42
CHLH,244,3.6
CHLH,250,3.16
CHLH,260,3.67
CHLH,274,3.36
CHLH,304,3.1
CHLH,380,3.65
CHLH,404,3.47
CHLH,410,3.79
CHLH,415,3.24
CHLH,421,3.16
CHLH,455,3.6
CHLH,456,3.7750000000000004
CHLH,457,3.72
CHLH,458,3.24
CHLH,494,3.94
CHLH,540,3.97
CHLH,572,3.81
CHLH,594,3.96
CHP,199,3.8166666666666664
CI,210,3.87
CI,402,3.87
CI,403,3.745
CI,405,3.52
CI,406,3.92
CI,410,3.44
CI,415,3.6266666666666665
CI,422,3.83
CI,430,3.41
CI,433,3.94
CI,435,3.76
CI,446,3.68
CI,450,3.71
CI,465,3.96
CI,467,3.89
CI,476,3.9299999999999997
CI,480,3.84
CI,501,3.89
CI,507,3.83
CLCV,100,1.21
CLCV,102,3.91
CLCV,114,2.9299999999999997
CLCV,115,3.641538461538462
CLCV,120,3.21
CLCV,133,3.79
CLCV,160,3.37
CLCV,220,3.62
CLCV,224,3.8729999999999998
CLCV,231,3.41
CMN,102,3.2899999999999996
CMN,210,3.715
CMN,212,3.1133333333333333
CMN,213,3.52
CMN,214,2.98
CMN,220,3.725
CMN,230,3.27
CMN,231,3.51
CMN,232,3.3733333333333335
CMN,250,3.7199999999999998
CMN,260,3.0525
CMN,277,2.49
CMN,280,2.93
CMN,321,2.45
CMN,336,3.79
CMN,340,3.435
CMN,361,3.63
CMN,368,3.51
CMN,396,3.067142857142857
CMN,410,3.63
CMN,413,3.84
CMN,421,3.54
CMN,432,3.96
CMN,462,3.62
CMN,465,3.77
CPSC,102,3.81
CPSC,112,3.15
CPSC,131,3.64
CPSC,270,3.0
CPSC,414,3.33
CPSC,440,3.47
CPSC,480,3.0300000000000002
CPSC,498,3.68
CPSC,541,3.8
CS,100,3.895
CS,101,3.67
CS,105,3.07
CS,124,3.67
CS,128,3.64
CS,173,3.034
CS,196,3.94
CS,199,3.9
CS,210,3.66
CS,225,3.4225
CS,233,3.6950000000000003
CS,240,3.14
CS,241,3.5300000000000002
CS,242,3.57
CS,357,3.455
CS,361,3.37
CS,374,3.0400000000000005
CS,410,3.82
CS,411,3.74
CS,412,3.31
CS,418,3.64
CS,421,3.42
CS,424,3.49
CS,425,3.2800000000000002
CS,427,3.7350000000000003
CS,433,3.53
CS,435,3.495
CS,437,3.835
CS,438,3.66
CS,440,3.45
CS,441,3.73
CS,445,3.35
CS,446,3.58
CS,447,3.69
CS,450,2.87
CS,461,2.89
CS,463,3.79
CS,465,3.715
CS,466,3.14
CS,473,3.61
CS,477,3.54
CS,498,3.732
CS,511,3.6
CS,519,3.75
CS,527,3.74
CS,540,3.85
CS,542,3.76
CS,545,3.77
CS,546,3.76
CS,554,3.92
CS,562,3.9
CS,563,3.66
CS,567,3.86
CS,579,3.72
CS,583,3.62
CS,598,3.9
CW,100,3.5966666666666662
CWL,114,3.54
CWL,189,3.77
CWL,211,3.15
CWL,241,3.495
CWL,320,2.59
DANC,100,3.545714285714286
DANC,101,3.82
DANC,105,3.72
DANC,107,3.89
DANC,200,3.72
DANC,209,3.77
DTX,455,3.74
EALC,230,3.46
EALC,250,2.99
EALC,275,3.5
ECE,110,2.925
ECE,120,3.1225
ECE,199,3.67
ECE,205,3.3899999999999997
ECE,206,3.485
ECE,210,2.675
ECE,220,3.0
ECE,298,3.43
ECE,310,3.01
ECE,311,3.223333333333333
ECE,313,2.66
ECE,316,3.765
ECE,329,2.453333333333333
ECE,330,3.0549999999999997
ECE,333,2.88
ECE,340,2.59
ECE,342,3.075
ECE,365,3.22
ECE,380,3.72
ECE,385,3.66
ECE,391,2.89
ECE,398,3.33
ECE,402,3.78
ECE,407,3.64
ECE,408,2.9475
ECE,411,3.0149999999999997
ECE,417,3.52
ECE,444,3.565
ECE,445,2.93
ECE,453,2.97
ECE,464,3.13
ECE,469,3.78
ECE,470,3.285
ECE,476,3.17
ECE,482,3.25
ECE,486,3.3
ECE,490,3.62
ECE,511,3.72
ECE,515,3.87
ECE,520,3.6
ECE,527,3.76
ECE,534,3.92
ECE,544,3.64
ECE,549,3.815
ECE,580,3.81
ECON,102,3.4297142857142857
ECON,103,3.3116666666666665
ECON,202,2.825
ECON,203,2.4114285714285715
ECON,302,2.6483333333333334
ECON,303,3.0066666666666664
ECON,418,2.81
ECON,420,3.33
ECON,425,2.9
ECON,426,3.08
ECON,437,3.83
ECON,440,3.73
ECON,450,3.2
ECON,471,3.065
ECON,472,3.72
ECON,474,2.99
ECON,475,3.165
ECON,480,2.62
ECON,482,3.42
ECON,484,3.66
ECON,490,3.496
ECON,500,3.3049999999999997
ECON,501,3.53
ECON,502,3.3200000000000003
ECON,505,3.35
ECON,510,3.73
ECON,516,3.79
ECON,528,3.3
ECON,532,3.59
ECON,590,3.6950000000000003
EDUC,101,3.59
EDUC,199,3.72
EDUC,201,3.4880000000000004
EDUC,202,3.872
EIL,422,3.19
ENG,101,3.6574999999999998
ENG,177,3.7939999999999996
ENG,198,3.88
ENG,199,3.8666666666666667
ENG,298,3.125
ENG,300,3.915
ENG,398,3.59
ENG,471,3.73
ENG,491,3.93
ENG,598,3.46
ENGL,101,3.35
ENGL,103,3.78
ENGL,104,3.436666666666667
ENGL,109,3.9
ENGL,116,3.56
ENGL,119,3.59
ENGL,121,3.15
ENGL,200,3.465
ENGL,202,3.12
ENGL,204,3.94
ENGL,206,3.39
ENGL,207,3.11
ENGL,213,3.4
ENGL,216,3.43
ENGL,218,3.64
ENGL,259,3.52
ENGL,260,3.57
ENGL,273,2.7
ENGL,285,3.81
ENGL,325,3.71
ENGL,350,3.56
ENGL,373,3.78
ENGL,380,3.41
ENSU,302,2.76
EPOL,402,3.86
EPOL,406,3.76
EPOL,407,3.75
EPOL,410,3.78
EPOL,470,3.97
EPOL,472,3.61
EPOL,475,3.74
EPOL,483,3.885
EPOL,500,3.99
EPOL,517,3.895
EPOL,524,3.98
EPOL,531,3.88
EPOL,574,3.96
EPOL,578,3.7
EPOL,594,3.75
EPS,537,3.91
EPSY,201,3.68
EPSY,202,2.96
EPSY,220,3.3425000000000002
EPSY,401,3.43
EPSY,420,3.63
EPSY,430,3.82
EPSY,456,3.785
EPSY,480,3.86
EPSY,485,3.8000000000000003
EPSY,578,3.85
EPSY,580,3.73
ESE,200,3.08
ESE,320,3.78
FAA,101,3.62
FAA,102,3.3
FAA,230,3.22
FIN,221,3.0175
FIN,230,3.36
FIN,241,3.6
FIN,300,3.0100000000000002
FIN,321,3.556
FIN,390,3.85
FIN,411,3.4575
FIN,412,3.44
FIN,418,3.8899999999999997
FIN,423,3.82
FIN,424,3.72
FIN,434,3.61
FIN,435,3.7575000000000003
FIN,445,3.5
FIN,463,3.57
FIN,500,3.6199999999999997
FIN,501,3.525
FIN,502,3.715
FIN,503,3.66
FIN,510,3.58
FIN,511,3.55
FIN,512,3.63
FIN,553,3.67
FIN,566,3.79
FIN,580,3.5420000000000003
FR,156,3.93
FR,418,3.56
FSHN,101,3.51
FSHN,120,3.535
FSHN,140,3.21
FSHN,150,3.96
FSHN,175,3.81
FSHN,199,3.72
FSHN,220,3.64
FSHN,232,3.69
FSHN,249,3.91
FSHN,302,3.87
FSHN,343,3.96
FSHN,345,3.83
FSHN,414,3.75
FSHN,416,3.35
FSHN,419,3.92
FSHN,420,3.64
FSHN,422,3.98
FSHN,426,3.88
FSHN,460,3.92
FSHN,483,3.18
FSHN,514,3.87
GEOG,101,3.8
GEOG,105,3.18
GEOG,106,3.6
GEOG,210,3.58
GEOG,221,3.8
GEOG,379,3.27
GEOG,407,3.86
GEOG,477,3.36
GEOG,507,3.93
GEOL,107,3.4200000000000004
GEOL,117,3.39
GEOL,118,3.27
GEOL,143,3.515
GER,103,2.87
GER,251,3.2466666666666666
GER,270,3.78
GLBL,100,3.535
GLBL,225,3.24
GLBL,240,3.48
GLBL,350,3.25
GS,101,3.3603703703703705
GS,198,3.95
GWS,100,3.53
GWS,201,3.79
GWS,255,3.07
GWS,275,3.44875
GWS,345,3.77
GWS,370,3.08
GWS,382,2.36
GWS,385,3.52
HDFS,101,3.51
HDFS,105,3.75
HDFS,108,3.95
HDFS,120,3.365
HDFS,208,3.82
HDFS,220,3.66
HDFS,225,3.32
HDFS,290,3.04
HDFS,301,3.37
HDFS,310,3.72
HDFS,398,3.63
HDFS,401,3.69
HDFS,405,3.91
HDFS,425,3.75
HIST,100,3.608333333333333
HIST,103,3.5439999999999996
HIST,104,3.735
HIST,111,3.32
HIST,120,3.06
HIST,130,3.43
HIST,171,3.67
HIST,172,3.315
HIST,203,3.83
HIST,205,3.83
HIST,207,3.65
HIST,220,2.78
HIST,245,3.64
HIST,258,3.31
HIST,262,3.26
HIST,273,3.64
HIST,277,3.76
HIST,281,3.6216666666666666
HIST,285,3.56
HIST,307,3.63
HIST,308,3.05
HIST,312,3.2
HIST,354,3.26
HIST,365,3.38
HIST,372,3.59
HIST,390,3.62
HIST,392,3.72
HIST,394,3.69
HIST,427,3.63
HIST,440,3.92
HORT,105,3.64
HORT,106,3.55
IB,100,3.52
IB,104,2.96
IB,108,3.11
IB,110,3.782857142857143
IB,150,2.9850000000000003
IB,199,3.74
IB,203,3.77
IB,204,3.05
IB,230,3.49
IB,303,2.56
IB,360,3.88
IB,362,3.5
IB,372,3.86
IB,411,3.43
IB,462,3.47
IB,468,3.68
IB,482,3.82
IB,496,3.96
IE,300,2.615
IE,310,3.26
IE,400,3.67
IE,405,3.5
IE,411,3.5
IE,431,3.41
IE,498,3.7
IE,522,3.75
IE,523,3.87
IE,524,3.85
IE,529,3.89
IHLT,101,3.61
IHLT,102,3.52
IHLT,230,3.87
IHLT,240,3.79
IHLT,375,3.4749999999999996
IHLT,474,3.74
INFO,199,3.56
INFO,490,3.4349999999999996
IS,100,3.7433333333333336
IS,101,3.75
IS,199,3.745
IS,202,3.42
IS,203,3.64
IS,204,3.5
IS,205,3.13
IS,206,3.41
IS,226,3.82
IS,229,3.91
IS,305,3.76
IS,308,3.33
IS,309,3.54
IS,311,3.36
IS,390,3.89
IS,407,3.98
IS,423,3.82
IS,430,3.76
IS,445,3.96
IS,446,3.91
IS,455,3.7350000000000003
IS,457,3.9
IS,471,3.97
IS,496,3.61
IS,501,3.875
IS,505,3.895
IS,507,3.865
IS,510,3.8480000000000003
IS,515,3.7750000000000004
IS,519,3.75
IS,523,3.58
IS,525,3.8600000000000003
IS,530,3.9050000000000002
IS,551,3.575
IS,563,3.91
IS,571,3.81
IS,577,3.97
IS,582,3.9233333333333333
IS,583,3.9
IS,591,3.71
IS,593,3.9
IS,597,3.546666666666667
ITAL,156,2.56
JOUR,101,3.6
JOUR,200,3.075
JOUR,205,3.42
JOUR,250,3.38
JOUR,293,3.31
JOUR,311,3.48
JOUR,315,3.68
JOUR,361,3.64
JOUR,450,3.78
JOUR,453,3.88
KIN,100,3.6225
KIN,102,3.815
KIN,103,3.91
KIN,104,3.7038461538461536
KIN,107,3.79
KIN,109,3.81
KIN,122,3.2100000000000004
KIN,125,3.83
KIN,140,3.39
KIN,142,3.41
KIN,150,3.11
KIN,160,3.39
KIN,199,3.065
KIN,201,3.49
KIN,247,3.3
KIN,249,3.65
KIN,259,3.69
KIN,262,3.46
KIN,268,3.68
KIN,340,3.28
KIN,352,3.28
KIN,355,3.02
KIN,369,3.75
KIN,401,3.52
KIN,444,3.7
KIN,448,3.84
KIN,453,3.41
KOR,201,3.54
LA,101,3.65
LA,233,3.71
LA,241,3.57
LA,280,3.6
LA,342,2.23
LA,346,3.51
LA,390,2.41
LA,437,3.68
LA,452,3.51
LAS,100,3.76
LAS,101,3.7675000000000005
LAS,199,3.75
LAS,291,3.33
LAS,399,3.91
LAST,170,3.274
LAW,301,3.74
LAW,501,3.3366666666666664
LAW,601,3.21
LAW,602,3.1950000000000003
LAW,603,3.225
LAW,604,3.205
LAW,605,3.41
LAW,607,3.4
LAW,609,3.1950000000000003
LAW,627,3.1999999999999997
LAW,629,3.38
LAW,633,3.436666666666667
LAW,644,3.27
LAW,645,3.3
LAW,647,3.4
LAW,656,3.24
LAW,662,3.25
LAW,667,3.37
LAW,680,3.38
LAW,682,3.32
LAW,684,3.47
LAW,694,3.36
LAW,792,3.425
LAW,794,3.27
LAW,796,3.12
LAW,797,3.5
LEAD,140,3.35
LEAD,230,3.62
LEAD,260,3.64
LEAD,340,3.83
LEAD,380,3.49
LEAD,440,3.72
LEAD,480,3.7
LER,100,1.41
LER,523,3.7
LER,561,3.7649999999999997
LER,562,3.55
LER,564,3.82
LER,565,3.94
LER,566,3.49
LER,569,3.77
LER,590,3.742857142857143
LER,591,3.6733333333333333
LER,593,3.7533333333333334
LER,595,3.84
LING,100,3.65
LING,115,3.63
LING,210,3.47
LING,222,3.46
LING,225,2.6
LING,250,3.48
LING,270,3.61
LING,301,2.86
LING,307,2.97
LING,401,2.95
LING,413,3.77
LING,450,3.69
LLS,100,3.235
LLS,220,3.68
LLS,230,3.58
LLS,235,2.54
LLS,240,3.97
LLS,242,3.69
LLS,250,3.76
LLS,279,2.93
LLS,357,3.39
LLS,387,3.6
MACS,100,3.7126666666666663
MACS,101,3.615
MACS,140,3.76
MACS,150,3.51
MACS,166,3.43
MACS,203,3.44
MACS,260,3.91
MACS,261,3.28
MACS,264,3.48
MACS,282,3.79
MACS,317,3.58
MACS,320,3.26
MACS,326,3.32
MACS,351,3.48
MACS,356,2.96
MACS,364,2.22
MACS,395,2.57
MATH,101,2.85
MATH,103,3.26
MATH,112,2.986666666666667
MATH,115,2.74
MATH,124,2.6833333333333336
MATH,125,2.98
MATH,181,3.8
MATH,213,3.0700000000000003
MATH,220,2.9939999999999998
MATH,221,2.898
MATH,225,3.145
MATH,231,2.7399999999999998
MATH,241,2.96
MATH,257,3.2900000000000005
MATH,285,2.8666666666666667
MATH,286,2.9749999999999996
MATH,299,2.99
MATH,347,3.223333333333333
MATH,405,3.95
MATH,412,2.96
MATH,413,2.785
MATH,415,3.0949999999999998
MATH,416,3.395
MATH,424,3.7
MATH,427,3.67
MATH,441,3.1633333333333336
MATH,444,3.4299999999999997
MATH,446,2.875
MATH,447,3.1
MATH,453,3.5
MATH,482,2.68
MATH,500,3.17
MATH,540,3.78
MATH,542,3.59
MBA,543,3.95
MBA,544,3.91
MBA,547,3.89
MBA,553,3.92
MBA,564,3.9050000000000002
MCB,100,3.3
MCB,101,3.4499999999999997
MCB,150,3.377619047619048
MCB,151,3.81
MCB,170,3.79
MCB,244,3.12
MCB,245,2.63375
MCB,251,3.48
MCB,252,3.376
MCB,253,3.7625
MCB,300,3.49
MCB,301,3.45
MCB,314,2.31
MCB,354,3.1966666666666668
MCB,400,2.91
MCB,401,3.28
MCB,408,3.6950000000000003
MCB,413,3.38
MCB,428,3.65
MCB,436,3.78
MCB,450,2.99
MCB,461,3.83
MCB,493,3.5999999999999996
MCB,501,3.45
MCB,502,3.47
MCB,540,3.74
MDIA,100,3.485
ME,170,3.89
ME,199,3.8
ME,200,3.4000000000000004
ME,270,3.36
ME,310,2.875
ME,320,3.0233333333333334
ME,330,3.105
ME,340,3.36
ME,360,3.605
ME,370,3.385
ME,371,3.5999999999999996
ME,420,3.67
ME,430,3.22
ME,432,3.54
ME,447,3.65
ME,451,3.55
ME,461,3.72
ME,462,3.89
ME,470,3.92
ME,471,2.79
ME,475,3.89
ME,487,3.62
MILS,120,3.16
MSE,101,3.67
MSE,182,3.55
MSE,201,3.55
MSE,280,3.47
MSE,307,3.69
MSE,396,3.86
MSE,401,2.99
MSE,403,3.21
MSE,406,3.57
MSE,443,3.41
MSE,457,3.33
MSE,461,3.64
MSE,470,3.51
MSE,480,3.43
MSE,485,3.55
MSE,488,3.36
MSE,500,3.53
MUS,101,3.6100000000000003
MUS,132,3.79
MUS,133,3.85
MUS,201,3.05
MUS,243,3.5
MUS,313,3.32
MUS,343,3.21
MUS,350,3.85
MUS,407,3.3
MUS,408,3.67
MUS,439,3.74
MUS,502,3.65
MUSC,462,3.85
MUSC,463,3.95
MUSC,464,3.95
MUSC,480,3.99
MUSC,487,3.79
MUSE,200,3.23
NPRE,100,3.64
NPRE,201,3.425
NPRE,247,2.64
NPRE,402,3.52
NPRE,431,3.13
NPRE,446,3.59
NPRE,448,2.84
NPRE,457,3.46
NPRE,481,3.25
NPRE,501,3.59
NRES,100,3.4000000000000004
NRES,102,3.47
NRES,103,2.39
NRES,201,2.31
NRES,219,3.19
NRES,224,3.77
NRES,348,3.37
NRES,401,3.45
NRES,409,2.92
NRES,415,3.15
NRES,419,3.22
NRES,421,3.39
NRES,454,3.315
NRES,465,3.22
NRES,471,3.94
PHIL,101,3.4050000000000002
PHIL,102,2.7800000000000002
PHIL,103,2.3533333333333335
PHIL,202,2.53
PHIL,203,3.13
PHIL,206,2.74
PHIL,214,2.94
PHIL,222,3.34
PHIL,270,3.17
PHIL,411,2.61
PHIL,414,3.47
PHIL,421,3.65
PHYS,100,3.455
PHYS,101,2.625
PHYS,102,3.02
PHYS,211,3.11
PHYS,212,2.9175
PHYS,213,2.9
PHYS,214,2.9450000000000003
PHYS,225,3.25
PHYS,325,3.1
PHYS,326,2.84
PHYS,401,3.03
PHYS,402,3.2
PHYS,427,3.3
PHYS,435,3.15
PHYS,436,3.54
PHYS,485,2.9
PHYS,486,2.98
PHYS,487,3.25
PHYS,508,3.51
PHYS,580,3.85
PHYS,596,3.94
PHYS,598,3.97
PLPA,200,3.61
PS,100,3.48
PS,101,3.17
PS,201,3.1625
PS,214,2.82
PS,220,3.09
PS,224,3.07
PS,231,3.31
PS,240,3.49
PS,241,3.04
PS,270,3.56
PS,280,2.54
PS,281,2.66
PS,282,3.33
PS,300,3.39
PS,301,3.63
PS,314,3.05
PS,320,3.03
PS,321,2.83
PS,323,2.92
PS,330,3.42
PS,348,2.78
PS,386,2.76
PS,390,3.7
PS,396,3.08
PSYC,100,3.5005357142857143
PSYC,201,2.942222222222222
PSYC,204,3.54
PSYC,207,3.29
PSYC,210,2.66
PSYC,216,3.12
PSYC,224,3.44
PSYC,230,3.27
PSYC,235,2.81
PSYC,238,2.82375
PSYC,239,3.77
PSYC,245,3.24
PSYC,248,3.72
PSYC,250,3.42
PSYC,312,3.28
PSYC,313,2.94
PSYC,324,3.31
PSYC,331,3.6
PSYC,333,3.2
PSYC,336,3.355
PSYC,340,3.7249999999999996
PSYC,350,3.7
PSYC,353,3.1
PSYC,363,3.34
PSYC,396,3.03
PSYC,403,3.47
PSYC,408,3.5
PSYC,417,3.18
PSYC,421,3.1
PSYC,433,2.66
PSYC,453,3.37
PSYC,465,3.2
PSYC,468,3.1
PSYC,475,3.66
PSYC,506,3.7
PSYC,514,3.63
REHB,330,3.45
REHB,402,3.5
REL,104,2.4766666666666666
REL,108,3.77
REL,110,3.7682352941176473
REL,214,3.7
REL,236,3.66
RHET,233,3.3533333333333335
RST,100,3.15
RST,101,3.42
RST,118,3.78
RST,120,3.43
RST,130,2.58
RST,150,3.15
RST,199,2.6
RST,200,3.4450000000000003
RST,205,3.48
RST,210,3.45
RST,216,3.26
RST,230,3.51
RST,242,3.525
RST,255,3.29
RST,260,2.83
RST,316,3.2
RST,325,3.2
RST,340,3.62
RST,354,3.58
RST,360,3.59
RST,370,3.56
RST,410,3.23
RST,429,2.96
RST,430,3.33
RST,460,3.71
RST,465,3.14
RST,480,3.41
SBC,500,3.88
SBC,501,3.77
SBC,502,3.61
SBC,503,3.62
SBC,510,3.82
SBC,511,3.48
SBC,512,3.95
SCAN,215,3.42
SCAN,251,3.775714285714286
SE,100,3.9
SE,261,3.02
SE,310,3.16
SE,320,2.95
SE,361,3.3
SE,400,3.46
SE,410,3.21
SE,420,3.64
SE,450,3.35
SE,494,3.69
SE,495,3.93
SHS,120,3.47
SHS,121,3.41
SHS,170,3.66
SHS,221,3.035
SHS,222,3.89
SHS,280,3.0
SHS,300,3.27
SHS,320,3.67
SHS,321,2.97
SHS,333,3.86
SHS,431,3.89
SHS,450,3.49
SHS,451,3.815
SHS,470,3.75
SHS,511,3.8
SHS,534,3.84
SHS,570,3.81
SHS,577,3.94
SLAV,117,3.77
SOC,100,3.582857142857143
SOC,101,3.36
SOC,160,3.41
SOC,163,3.72
SOC,170,3.21
SOC,199,3.8
SOC,200,3.08
SOC,225,3.23
SOC,226,3.21
SOC,275,3.13
SOC,280,2.96
SOC,310,3.84
SOC,350,3.46
SOC,364,3.31
SOC,378,3.5
SOC,380,2.92
SOC,396,2.15
SOC,479,3.84
SOCW,101,3.64
SOCW,200,3.275
SOCW,225,3.48
SOCW,240,3.45
SOCW,297,3.77
SOCW,300,3.47
SOCW,315,3.81
SOCW,360,3.83
SOCW,401,3.77
SOCW,403,3.94
SOCW,410,3.7466666666666666
SOCW,416,3.57
SOCW,420,3.83
SOCW,427,3.768333333333333
SOCW,451,3.5566666666666666
SOCW,455,3.92
SOCW,503,3.92
SOCW,509,3.95
SOCW,542,3.74
SOCW,552,3.8800000000000003
SOCW,561,3.53
SOCW,589,3.785
SPAN,232,3.84
SPAN,248,3.68
SPAN,308,3.385
SPED,117,3.7533333333333334
SPED,405,3.815
SPED,440,3.82
SPED,446,3.68
SPED,450,3.62
SPED,461,3.91
SPED,470,3.96
SPED,471,3.88
SPED,514,3.79
STAT,100,3.2199999999999998
STAT,107,3.55
STAT,200,3.64
STAT,207,3.31
STAT,212,3.41
STAT,385,3.795
STAT,400,3.3349999999999995
STAT,409,3.28
STAT,410,3.1233333333333335
STAT,420,3.41
STAT,425,3.516666666666667
STAT,426,3.6
STAT,428,3.51
STAT,429,2.92
STAT,430,3.2975
STAT,431,3.52
STAT,432,3.41
STAT,440,3.67
STAT,443,3.57
STAT,447,3.32
STAT,510,3.39
STAT,527,3.9
STAT,542,3.85
STAT,571,3.58
TAM,195,3.48
TAM,201,3.78
TAM,210,3.12
TAM,211,2.9299999999999997
TAM,212,2.96
TAM,251,2.65
TAM,335,3.3049999999999997
TAM,461,3.68
TAM,470,2.86
TAM,541,3.57
TAM,551,3.49
TE,200,3.65
TE,250,3.74
TE,333,3.6
TE,360,3.835
TE,450,3.64
TE,565,3.9
THEA,100,3.875
THEA,101,3.287619047619048
THEA,110,3.71
THEA,121,3.81
THEA,123,3.68
THEA,263,3.57
THEA,270,3.91
THEA,360,2.72
THEA,595,3.36
TSM,100,2.7
TSM,103,2.3
TSM,130,3.56
TSM,232,3.19
TSM,233,3.67
TSM,311,3.48
TSM,352,3.33
TSM,372,3.27
UP,101,3.07
UP,160,3.13
UP,203,3.31
UP,260,2.6
UP,312,3.21
UP,418,3.71
UP,486,3.23
UP,494,3.7
UP,503,3.95
UP,504,3.85
VCM,565,3.75
VCM,672,3.91
VM,602,2.77
VM,605,3.08
VM,607,2.89
VM,651,2.72
VM,652,2.58
VM,653,2.39
VM,654,2.69
